# Witherden, F. D.; Vincent, P. E. On the identification of symmetric quadrature rules for finite element methods. Comput. Math. Appl. 69 (2015), no. 10, 1232-1241
3 1
2.50000000000000000000000000000000000e-01 2.50000000000000000000000000000000000e-01 2.50000000000000000000000000000000000e-01 1.66666666666666666666666666666666667e-01
