# Witherden, F. D.; Vincent, P. E. On the identification of symmetric quadrature rules for finite element methods. Comput. Math. Appl. 69 (2015), no. 10, 1232-1241
3 2
1.38196601125010515179541316563436188e-01 1.38196601125010515179541316563436188e-01 5.85410196624968454461376050309691435e-01 4.16666666666666666666666666666666667e-02
1.38196601125010515179541316563436188e-01 5.85410196624968454461376050309691435e-01 1.38196601125010515179541316563436188e-01 4.16666666666666666666666666666666667e-02
5.85410196624968454461376050309691435e-01 1.38196601125010515179541316563436188e-01 1.38196601125010515179541316563436188e-01 4.16666666666666666666666666666666667e-02
1.38196601125010515179541316563436188e-01 1.38196601125010515179541316563436188e-01 1.38196601125010515179541316563436188e-01 4.16666666666666666666666666666666667e-02
