# Witherden, F. D.; Vincent, P. E. On the identification of symmetric quadrature rules for finite element methods. Comput. Math. Appl. 69 (2015), no. 10, 1232-1241
3 2
1.95854480720110561651902902644420462e-01 1.95854480720110561651902902644420462e-01 6.08291038559778876696194194711159075e-01 7.53591004413674073894739832905945147e-02
7.86792286119470219497308684968391742e-01 4.27331758213572138445923825000912903e-01 1.45336483572855723108152349998174194e-01 6.44935582229914814859648375106847047e-02
4.27331758213572138445923825000912903e-01 7.86792286119470219497308684968391742e-01 1.45336483572855723108152349998174194e-01 6.44935582229914814859648375106847047e-02
6.78712303076740573945389650334340633e-02 4.27331758213572138445923825000912903e-01 1.45336483572855723108152349998174194e-01 6.44935582229914814859648375106847047e-02
4.27331758213572138445923825000912903e-01 6.78712303076740573945389650334340633e-02 1.45336483572855723108152349998174194e-01 6.44935582229914814859648375106847047e-02
