# Witherden, F. D.; Vincent, P. E. On the identification of symmetric quadrature rules for finite element methods. Comput. Math. Appl. 69 (2015), no. 10, 1232-1241
3 3
2.14285714806965823455662563134218545e-01 2.14285714806965823455662563134218545e-01 5.71428570386068353088674873731562910e-01 8.40686279742535118045088485659230901e-02
4.99999997162074984196747043769627011e-01 4.99999997162074984196747043769627011e-01 5.67585003160650591246074597850500000e-09 3.75000020220216543986773346313554693e-02
6.97208472196036483737647437626126577e-01 6.97208472196036483737647437626126577e-01 1.66666666666666666666666666666666667e-01 5.29411758342645417825367875340136935e-02
6.97208472196036483737647437626126577e-01 1.36124861137296849595685895707206756e-01 1.66666666666666666666666666666666667e-01 5.29411758342645417825367875340136935e-02
1.36124861137296849595685895707206756e-01 6.97208472196036483737647437626126577e-01 1.66666666666666666666666666666666667e-01 5.29411758342645417825367875340136935e-02
1.36124861137296849595685895707206756e-01 1.36124861137296849595685895707206756e-01 1.66666666666666666666666666666666667e-01 5.29411758342645417825367875340136935e-02
