# Witherden, F. D.; Vincent, P. E. On the identification of symmetric quadrature rules for finite element methods. Comput. Math. Appl. 69 (2015), no. 10, 1232-1241
3 3
3.33333333333333333333333333333333333e-01 3.33333333333333333333333333333333333e-01 6.96653977676110337533355744638803982e-02 1.12498369072450246017984879386466256e-01
3.33333333333333333333333333333333333e-01 3.33333333333333333333333333333333333e-01 9.30334602232388966246664425536119602e-01 1.12498369072450246017984879386466256e-01
2.38883435956578360681503000886376441e-01 7.61114147874891728157441853643006407e-01 5.00000000000000000000000000000000000e-01 4.58338769758499179940050402045112479e-02
7.61114147874891728157441853643006407e-01 2.38883435956578360681503000886376441e-01 5.00000000000000000000000000000000000e-01 4.58338769758499179940050402045112479e-02
2.41616852991116105514547061715192500e-06 7.61114147874891728157441853643006407e-01 5.00000000000000000000000000000000000e-01 4.58338769758499179940050402045112479e-02
7.61114147874891728157441853643006407e-01 2.41616852991116105514547061715192500e-06 5.00000000000000000000000000000000000e-01 4.58338769758499179940050402045112479e-02
2.41616852991116105514547061715192500e-06 2.38883435956578360681503000886376441e-01 5.00000000000000000000000000000000000e-01 4.58338769758499179940050402045112479e-02
2.38883435956578360681503000886376441e-01 2.41616852991116105514547061715192500e-06 5.00000000000000000000000000000000000e-01 4.58338769758499179940050402045112479e-02
